detector,modality,crop,recording,pass,cow_id,score_1_3,anomaly,max_concurrent,group,score,fold
subspace,FDEI,leg,1,1,582.0,2,1,2,582.0,0.0001500960352132097,2
subspace,FDEI,leg,1,2,403.0,2,1,2,403.0,0.00013248818868305534,4
subspace,FDEI,leg,2,1,578.0,1,0,2,578.0,0.0001145183268818073,3
subspace,FDEI,leg,2,2,603.0,1,0,2,603.0,0.0001869185216492042,3
subspace,FDEI,leg,3,1,431.0,1,0,2,431.0,0.00010153714538319036,1
subspace,FDEI,leg,3,2,555.0,2,1,2,555.0,0.00019207892182748765,0
subspace,FDEI,leg,3,3,766.0,2,1,2,766.0,0.00015371342306025326,3
subspace,FDEI,leg,4,1,550.0,1,0,2,550.0,0.00013350251538213342,0
subspace,FDEI,leg,4,2,419.0,1,0,2,419.0,9.382265125168487e-05,1
subspace,FDEI,leg,6,1,416.0,1,0,1,416.0,0.0001473577576689422,0
subspace,FDEI,leg,7,1,568.0,1,0,3,568.0,0.00017379845667164773,3
subspace,FDEI,leg,7,2,,1,0,3,unknown,0.0002043169952230528,1
subspace,FDEI,leg,7,3,411.0,2,1,3,411.0,0.00012492123642005026,3
subspace,FDEI,leg,8,1,319.0,1,0,3,319.0,0.00010504927195142955,1
subspace,FDEI,leg,8,2,325.0,1,0,3,325.0,0.00013308424968272448,4
subspace,FDEI,leg,8,3,344.0,2,1,3,344.0,0.00019188641454093158,0
subspace,FDEI,leg,8,4,322.0,2,1,3,322.0,0.0003277692594565451,0
subspace,FDEI,leg,9,1,891.0,1,0,1,891.0,0.00013951797154732049,4
subspace,FDEI,leg,10,1,566.0,1,0,2,566.0,0.00013569036673288792,4
subspace,FDEI,leg,10,2,743.0,2,1,2,743.0,0.00017532998754177243,3
subspace,FDEI,leg,10,3,2928.0,1,0,2,2928.0,0.0001064735115505755,2
subspace,FDEI,leg,11,1,755.0,1,0,3,755.0,0.0002203030016971752,4
subspace,FDEI,leg,11,2,884.0,2,1,3,884.0,0.00045416492503136396,4
subspace,FDEI,leg,11,3,739.0,2,1,3,739.0,0.00024100198061205447,4
subspace,FDEI,leg,11,4,554.0,2,1,3,554.0,0.00013651774497702718,1
subspace,FDEI,leg,11,5,313.0,1,0,3,313.0,9.505921480013058e-05,0
subspace,FDEI,leg,11,6,890.0,1,0,3,890.0,0.00035115680657327175,0
subspace,FDEI,leg,11,7,328.0,2,1,3,328.0,0.00018302937678527087,4
subspace,FDEI,leg,11,8,373.0,1,0,3,373.0,0.00022028044622857124,3
subspace,FDEI,leg,12,1,879.0,1,0,2,879.0,0.00020066110300831497,2
subspace,FDEI,leg,12,2,826.0,2,1,2,826.0,0.0008425592677667737,1
subspace,FDEI,leg,13,1,884.0,3,1,1,884.0,0.00015416659880429506,4
subspace,FDEI,leg,14,1,1450.0,2,1,3,1450.0,0.0002015673671849072,0
subspace,FDEI,leg,14,2,865.0,2,1,3,865.0,0.00019828940276056528,1
subspace,FDEI,leg,14,3,339.0,2,1,3,339.0,0.0003779514809139073,1
subspace,FDEI,leg,14,4,301.0,1,0,3,301.0,0.00031091595883481205,4
subspace,FDEI,leg,14,5,328.0,2,1,3,328.0,0.00011035348870791495,4
subspace,FDEI,leg,14,6,817.0,1,0,3,817.0,0.00015805449220351875,2
subspace,FDEI,leg,15,1,775.0,2,1,1,775.0,0.0001652494102017954,4
subspace,FDEI,leg,16,1,319.0,1,0,1,319.0,0.00016494837473146617,1
subspace,FDEI,leg,17,1,825.0,2,1,1,825.0,0.00011424285912653431,2
subspace,FDEI,leg,18,1,313.0,1,0,3,313.0,0.00013238999235909432,0
subspace,FDEI,leg,18,2,818.0,2,1,3,818.0,0.0001452082651667297,4
subspace,FDEI,leg,18,3,894.0,2,1,3,894.0,0.0001224174484377727,3
subspace,FDEI,leg,18,4,345.0,1,0,3,345.0,0.00017649945220910013,4
subspace,FDEI,leg,19,1,369.0,2,1,1,369.0,0.00024277064949274063,1
subspace,FDEI,leg,20,1,769.0,2,1,2,769.0,0.0005489344475790858,2
subspace,FDEI,leg,20,2,997.0,1,0,2,997.0,0.00014783328515477479,1
subspace,FDEI,leg,21,1,408.0,1,0,3,408.0,0.00023259158479049802,1
subspace,FDEI,leg,21,2,785.0,2,1,3,785.0,0.0001805763313313946,2
subspace,FDEI,leg,21,3,2892.0,1,0,3,2892.0,0.00010694330558180809,4
subspace,FDEI,leg,22,1,331.0,1,0,3,331.0,0.00012312582111917436,4
subspace,FDEI,leg,22,2,743.0,2,1,3,743.0,0.00019725703168660402,3
subspace,FDEI,leg,22,3,437.0,1,0,3,437.0,0.00012131717812735587,1
subspace,FDEI,leg,22,4,6003.0,1,0,3,6003.0,0.00012826031888835132,0
subspace,FDEI,leg,22,5,350.0,2,1,3,350.0,0.0002514344814699143,1
subspace,FDEI,leg,22,6,858.0,2,1,3,858.0,0.0001276343100471422,0
subspace,FDEI,leg,23,1,568.0,1,0,2,568.0,0.00012595814769156277,3
subspace,FDEI,leg,23,2,302.0,1,0,2,302.0,0.0002971796493511647,3
subspace,FDEI,leg,24,1,566.0,1,0,1,566.0,9.29788948269561e-05,4
subspace,FDEI,leg,27,1,405.0,2,1,3,405.0,0.0001920377544593066,3
subspace,FDEI,leg,27,2,317.0,2,1,3,317.0,0.00013744374155066907,3
subspace,FDEI,leg,27,3,8006.0,1,0,3,8006.0,0.0001793979899957776,2
subspace,FDEI,leg,27,4,2941.0,2,1,3,2941.0,0.00017494542407803237,0
subspace,FDEI,leg,27,5,774.0,2,1,3,774.0,0.000173622029251419,0
subspace,FDEI,leg,27,6,327.0,2,1,3,327.0,0.0001460139756090939,0
subspace,FDEI,leg,27,7,584.0,2,1,3,584.0,0.0003172776778228581,1
subspace,FDEI,leg,27,8,550.0,1,0,3,550.0,0.00011765754607040435,0
subspace,FDEI,leg,27,9,779.0,1,0,3,779.0,0.00015124418132472783,4
subspace,FDEI,leg,28,1,313.0,1,0,3,313.0,0.00013074705202598125,0
subspace,FDEI,leg,28,2,826.0,2,1,3,826.0,0.0001640229020267725,1
subspace,FDEI,leg,28,3,817.0,1,0,3,817.0,0.0002142796292901039,2
subspace,FDEI,leg,29,1,2952.0,2,1,3,2952.0,0.0001246069004992023,2
subspace,FDEI,leg,29,2,781.0,2,1,3,781.0,0.00023934082128107548,3
subspace,FDEI,leg,29,3,369.0,1,0,3,369.0,0.00015559952589683235,1
subspace,FDEI,leg,34,1,858.0,2,1,2,858.0,0.00013259939441923052,0
subspace,FDEI,leg,34,2,2932.0,2,1,2,2932.0,0.00010687335452530533,1
subspace,FDEI,leg,35,1,586.0,1,0,3,586.0,9.29295492824167e-05,0
subspace,FDEI,leg,35,2,317.0,2,1,3,317.0,0.0001051960134645924,3
subspace,FDEI,leg,35,3,405.0,1,0,3,405.0,0.00017347352695651352,3
subspace,FDEI,leg,35,4,2892.0,1,0,3,2892.0,0.00011473092308733612,4
subspace,FDEI,leg,35,5,351.0,1,0,3,351.0,0.00010749934881459922,3
subspace,FDEI,leg,36,1,582.0,2,1,1,582.0,0.00012176825839560479,2
subspace,FDEI,leg,37,1,739.0,1,0,1,739.0,0.00011827980051748455,4
subspace,FDEI,leg,39,1,882.0,2,1,2,882.0,0.0001484332315158099,1
subspace,FDEI,leg,39,2,794.0,2,1,2,794.0,0.0001288229541387409,0
subspace,FDEI,leg,40,1,876.0,2,1,3,876.0,9.925563063006848e-05,3
subspace,FDEI,leg,40,2,331.0,1,0,3,331.0,0.00010409967217128724,4
subspace,FDEI,leg,40,3,805.0,2,1,3,805.0,0.00014878026559017599,0
subspace,FDEI,leg,40,4,786.0,2,1,3,786.0,0.00038295506965368986,1
subspace,FDEI,leg,40,5,402.0,1,0,3,402.0,0.00016803092148620635,3
subspace,FDEI,leg,40,6,742.0,1,0,3,742.0,0.00012611736019607633,0
subspace,FDEI,leg,41,1,401.0,2,1,3,401.0,0.00010538828792050481,4
subspace,FDEI,leg,41,2,367.0,1,0,3,367.0,0.0001487727859057486,1
subspace,FDEI,leg,42,1,889.0,2,1,1,889.0,0.00016592521569691598,2
subspace,FDEI,leg,50,1,458.0,2,1,1,458.0,0.00012544903438538313,4
subspace,FDEI,leg,51,1,455.0,1,0,2,455.0,9.310072346124798e-05,3
subspace,FDEI,leg,51,2,387.0,1,0,2,387.0,0.0001201494742417708,0
subspace,FDEI,leg,52,1,377.0,2,1,1,377.0,0.00011162048031110317,2
subspace,FDEI,leg,53,1,450.0,1,0,2,450.0,0.00013256720558274537,0
subspace,FDEI,leg,54,1,462.0,1,0,3,462.0,0.00012045326002407819,1
subspace,FDEI,leg,54,2,431.0,2,1,3,431.0,9.640067582949996e-05,1
subspace,FDEI,leg,54,3,327.0,2,1,3,327.0,0.0001700357679510489,0
subspace,FDEI,leg,55,1,443.0,3,1,1,443.0,0.00010391706018708646,4
subspace,FDEI,leg,56,1,459.0,1,0,1,459.0,0.0001012770808301866,2
subspace,FDEI,leg,57,1,736.0,2,1,1,736.0,0.0001242671860381961,1
subspace,FDEI,leg,58,1,611.0,1,0,2,611.0,9.421039430890232e-05,4
subspace,FDEI,leg,58,2,579.0,1,0,2,579.0,9.549123933538795e-05,2
subspace,FDEI,leg,59,1,6013.0,1,0,3,6013.0,0.00011548166366992518,0
subspace,FDEI,leg,59,2,763.0,2,1,3,763.0,0.0003824845771305263,1
subspace,FDEI,leg,59,3,820.0,1,0,3,820.0,0.0001593254564795643,3
subspace,FDEI,leg,59,4,8001.0,1,0,3,8001.0,0.00014941347762942314,4
subspace,FDEI,leg,59,5,434.0,2,1,3,434.0,9.624267113395035e-05,1
subspace,FDEI,leg,60,1,586.0,1,0,3,586.0,0.0001133176265284419,0
subspace,FDEI,leg,60,2,413.0,2,1,3,413.0,0.00015497255662921816,2
subspace,FDEI,leg,60,3,333.0,2,1,3,333.0,0.00016300093557219952,3
subspace,FDEI,leg,60,4,886.0,2,1,3,886.0,0.0001973197649931535,3
subspace,FDEI,leg,60,5,407.0,2,1,3,407.0,0.00015685451216995716,4
subspace,FDEI,leg,60,6,380.0,1,0,3,380.0,0.00015237103798426688,0
subspace,FDEI,leg,60,7,583.0,2,1,3,583.0,0.00015076017007231712,1
subspace,FDEI,leg,61,1,575.0,1,0,1,575.0,9.846413013292477e-05,4
subspace,FDEI,leg,62,1,419.0,1,0,3,419.0,8.101506682578474e-05,1
subspace,FDEI,leg,62,2,441.0,1,0,3,441.0,0.0001593698252690956,0
subspace,FDEI,leg,62,3,732.0,2,1,3,732.0,9.230092109646648e-05,2
subspace,FDEI,leg,63,1,867.0,2,1,3,867.0,0.00018008424376603216,0
subspace,FDEI,leg,63,2,6012.0,1,0,3,6012.0,8.491727203363553e-05,3
subspace,FDEI,leg,63,3,823.0,2,1,3,823.0,0.0001735552359605208,3
subspace,FDEI,leg,63,4,318.0,1,0,3,318.0,0.00011360143253114074,2
subspace,FDEI,leg,63,5,2880.0,2,1,3,2880.0,9.922859317157418e-05,0
subspace,FDEI,leg,65,1,2925.0,1,0,2,2925.0,0.0001709356001811102,3
subspace,FDEI,leg,65,2,311.0,2,1,2,311.0,9.924091136781499e-05,4
subspace,FDEI,leg,66,1,772.0,3,1,3,772.0,0.000671150628477335,1
subspace,FDEI,leg,66,2,411.0,1,0,3,411.0,0.00012649098061956465,3
subspace,FDEI,leg,66,3,306.0,2,1,3,306.0,0.00019816651183646172,2
subspace,FDEI,leg,66,4,330.0,2,1,3,330.0,0.00012648152187466621,3
subspace,FDEI,leg,67,1,403.0,1,0,2,403.0,0.00010959793871734291,4
subspace,FDEI,leg,67,2,409.0,1,0,2,409.0,0.00014101961278356612,2
subspace,FDEI,leg,67,3,8007.0,2,1,2,8007.0,0.000115543334686663,3
subspace,FDEI,leg,67,4,8003.0,2,1,2,8003.0,0.00019797793356701732,3
subspace,FDEI,leg,69,1,304.0,2,1,3,304.0,0.00022029953834135085,1
subspace,FDEI,leg,69,2,422.0,2,1,3,422.0,0.0001529660657979548,4
subspace,FDEI,leg,70,1,768.0,2,1,1,768.0,0.0001518443605164066,0
subspace,FDEI,leg,71,1,1500.0,1,0,3,1500.0,0.00011600746074691415,1
subspace,FDEI,leg,71,2,305.0,2,1,3,305.0,0.0001489766000304371,0
subspace,FDEI,leg,71,3,418.0,2,1,3,418.0,0.0002081866841763258,0
subspace,FDEI,leg,71,4,744.0,2,1,3,744.0,0.0001019188784994185,2
subspace,FDEI,leg,71,5,883.0,1,0,3,883.0,0.0001204541404149495,2
subspace,FDEI,leg,71,6,375.0,1,0,3,375.0,0.00011879860539920628,0
subspace,FDEI,leg,71,7,543.0,2,1,3,543.0,0.00017670821398496628,3
subspace,FDEI,leg,72,1,352.0,2,1,1,352.0,0.00010861393093364313,3
subspace,FDEI,leg,73,1,426.0,2,1,2,426.0,0.00012854996020905674,2
subspace,FDEI,leg,73,2,423.0,1,0,2,423.0,0.00014839954383205622,3
subspace,FDEI,leg,73,3,336.0,2,1,2,336.0,0.00011399979121051729,2
subspace,FDEI,leg,73,4,2917.0,2,1,2,2917.0,0.00010097504855366424,3
subspace,FDEI,leg,73,5,417.0,2,1,2,417.0,0.0001413093414157629,1
subspace,FDEI,leg,74,1,433.0,1,0,1,433.0,0.00016778304416220635,0
subspace,FDEI,leg,76,1,372.0,1,0,1,372.0,0.00013283384032547474,4
subspace,FDEI,leg,77,1,549.0,1,0,2,549.0,0.00016720930580049753,2
subspace,FDEI,leg,77,2,365.0,1,0,2,365.0,0.00010888670658459887,2
subspace,FDEI,leg,79,1,472.0,2,1,3,472.0,0.0002032916818279773,4
subspace,FDEI,leg,79,2,406.0,3,1,3,406.0,0.00021922355517745018,2
subspace,FDEI,leg,79,3,873.0,1,0,3,873.0,0.0010957123013213277,4
subspace,FDEI,leg,80,1,383.0,1,0,3,383.0,0.00013806932838633657,1
subspace,FDEI,leg,80,2,739.0,1,0,3,739.0,0.00014094533980824053,4
subspace,FDEI,leg,80,3,889.0,2,1,3,889.0,0.00013439677422866225,2
subspace,FDEI,leg,80,4,305.0,2,1,3,305.0,0.00021235797612462193,0
subspace,FDEI,leg,82,1,338.0,1,0,3,338.0,0.00013530331489164382,2
subspace,FDEI,leg,82,2,407.0,2,1,3,407.0,0.00017145431775134057,4
subspace,FDEI,leg,82,3,350.0,1,0,3,350.0,0.0001406734372721985,1
subspace,FDEI,leg,82,4,441.0,1,0,3,441.0,0.00012018289271509275,0
subspace,FDEI,leg,82,5,464.0,1,0,3,464.0,0.00012765260180458426,1
subspace,FDEI,leg,82,6,423.0,1,0,3,423.0,0.00016813524416647851,3
subspace,FDEI,leg,84,1,613.0,2,1,1,613.0,0.00011794574675150216,2
subspace,FDEI,leg,85,1,457.0,1,0,3,457.0,0.00011075675138272345,2
subspace,FDEI,leg,85,2,366.0,1,0,3,366.0,9.228078852174804e-05,2
subspace,FDEI,leg,85,3,448.0,1,0,3,448.0,0.00011941802222281694,3
subspace,FDEI,leg,85,4,434.0,2,1,3,434.0,0.00011663303303066641,1
subspace,FDEI,leg,85,5,583.0,2,1,3,583.0,0.00011335519957356155,1
subspace,FDEI,leg,85,6,419.0,1,0,3,419.0,0.00013278819096740335,1
subspace,FDEI,leg,86,1,6012.0,2,1,1,6012.0,0.0001459327177144587,3
subspace,FDEI,leg,87,1,763.0,2,1,2,763.0,0.0005491690244525671,1
subspace,FDEI,leg,88,1,820.0,2,1,3,820.0,8.592393714934587e-05,3
subspace,FDEI,leg,88,2,467.0,2,1,3,467.0,0.0001568292354932055,0
subspace,FDEI,leg,88,3,801.0,2,1,3,801.0,0.00020760658662766218,1
subspace,FDEI,leg,88,4,1458.0,1,0,3,1458.0,0.00013275601668283343,4
subspace,FDEI,leg,89,1,411.0,2,1,3,411.0,0.00018710302538238466,3
subspace,FDEI,leg,89,2,426.0,2,1,3,426.0,8.958748367149383e-05,2
subspace,FDEI,leg,89,3,886.0,1,0,3,886.0,0.00010457608004799113,3
subspace,FDEI,leg,89,4,775.0,1,0,3,775.0,0.00015064625767990947,4
subspace,FDEI,leg,90,1,458.0,2,1,3,458.0,0.00026969920145347714,4
subspace,FDEI,leg,90,2,422.0,1,0,3,422.0,0.0003516498254612088,4
subspace,FDEI,leg,90,3,452.0,1,0,3,452.0,0.0001165434077847749,4
subspace,FDEI,leg,90,4,413.0,1,0,3,413.0,0.00015460725990124047,2
subspace,FDEI,leg,94,1,333.0,2,1,1,333.0,0.00022327083570417017,3
subspace,FDEI,leg,96,1,1500.0,1,0,3,1500.0,8.748305845074356e-05,1
subspace,FDEI,leg,96,2,375.0,2,1,3,375.0,0.00010383367771282792,0
subspace,FDEI,leg,96,3,418.0,2,1,3,418.0,0.00011731487029464915,0
subspace,FDEI,leg,96,4,732.0,1,0,3,732.0,0.00012153149145888165,2
subspace,FDEI,leg,97,1,586.0,3,1,3,586.0,0.00023100721591617912,0
subspace,FDEI,leg,97,2,417.0,1,0,3,417.0,0.00014483655104413629,1
subspace,FDEI,leg,97,3,883.0,3,1,3,883.0,0.00026018329663202167,2
subspace,FDEI,leg,97,4,336.0,1,0,3,336.0,0.0002528968034312129,2
subspace,FDEI,leg,98,1,407.0,2,1,2,407.0,0.0004921817453578115,4
subspace,FDEI,leg,98,2,441.0,1,0,2,441.0,9.898500138660893e-05,0
subspace,FDEI,leg,99,1,464.0,1,0,3,464.0,0.00010813683911692351,1
subspace,FDEI,leg,99,2,366.0,1,0,3,366.0,0.00015332414477597922,2
subspace,FDEI,leg,99,3,418.0,2,1,3,418.0,0.00018615287262946367,0
subspace,FDEI,leg,99,4,434.0,2,1,3,434.0,0.00012035065446980298,1
subspace,FDEI,leg,100,1,6012.0,2,1,2,6012.0,0.0001067004122887738,3
subspace,FDEI,leg,100,2,6013.0,2,1,2,6013.0,0.000279140193015337,0
subspace,FDEI,leg,102,1,426.0,2,1,2,426.0,0.00016574436449445784,2
subspace,FDEI,leg,102,2,425.0,1,0,2,425.0,0.00010219766409136355,2
subspace,FDEI,leg,104,1,458.0,2,1,3,458.0,0.00014913440099917352,4
subspace,FDEI,leg,104,2,422.0,2,1,3,422.0,8.339134365087375e-05,4
subspace,FDEI,leg,104,3,611.0,1,0,3,611.0,8.372339652851224e-05,4
subspace,FDEI,leg,104,4,8007.0,1,0,3,8007.0,8.409893052885309e-05,3
subspace,FDEI,leg,105,1,328.0,1,0,2,328.0,0.00010092156298924237,4
subspace,FDEI,leg,105,2,380.0,2,1,2,380.0,0.00011741263733711094,0
subspace,FDEI,leg,106,1,1500.0,2,1,3,1500.0,8.890937169780955e-05,1
subspace,FDEI,leg,106,2,420.0,1,0,3,420.0,0.00047177905798889697,4
subspace,FDEI,leg,106,3,895.0,1,0,3,895.0,0.00013324148312676698,2
subspace,FDEI,leg,106,4,744.0,1,0,3,744.0,0.00010133396426681429,2
subspace,FDEI,leg,107,1,6010.0,1,0,2,6010.0,0.0003181941865477711,4
subspace,FDEI,leg,107,2,459.0,1,0,2,459.0,0.0003637011395767331,2
subspace,FDEI,leg,108,1,311.0,2,1,3,311.0,7.696045213378966e-05,4
subspace,FDEI,leg,108,2,448.0,1,0,3,448.0,9.9650387710426e-05,3
subspace,FDEI,leg,108,3,350.0,2,1,3,350.0,0.0001364875352010131,1
subspace,FDEI,leg,108,4,2880.0,2,1,3,2880.0,9.640860662329942e-05,0
subspace,FDEI,leg,108,5,318.0,1,0,3,318.0,0.00012171552225481719,2
subspace,FDEI,leg,109,1,2917.0,2,1,2,2917.0,0.0001528674183646217,3
subspace,FDEI,leg,109,2,307.0,2,1,2,307.0,0.00015675739268772304,1
subspace,FDEI,leg,109,3,413.0,1,0,2,413.0,9.670737199485302e-05,2
subspace,FDEI,leg,110,1,1446.0,1,0,1,1446.0,9.649305138736963e-05,1
subspace,FDEI,leg,111,1,443.0,2,1,2,443.0,7.318962889257818e-05,4
subspace,FDEI,leg,111,2,421.0,2,1,2,421.0,8.981741848401725e-05,3
subspace,FDEI,leg,112,1,409.0,2,1,1,409.0,0.00011465745774330571,2
subspace,FDEI,leg,113,1,333.0,2,1,3,333.0,0.00012296441127546132,3
subspace,FDEI,leg,113,2,375.0,1,0,3,375.0,9.395635424880311e-05,0
subspace,FDEI,leg,113,3,370.0,2,1,3,370.0,8.212662214646116e-05,0
subspace,FDEI,leg,113,4,820.0,2,1,3,820.0,9.515740384813398e-05,3
subspace,FDEI,leg,113,5,883.0,1,0,3,883.0,8.969536429503933e-05,2
subspace,FDEI,leg,114,1,586.0,1,0,1,586.0,0.0001125403941841796,0
subspace,FDEI,leg,115,1,336.0,2,1,2,336.0,9.624296217225492e-05,2
subspace,FDEI,leg,115,2,732.0,2,1,2,732.0,9.58067030296661e-05,2
subspace,FDEI,leg,116,1,423.0,2,1,3,423.0,0.00015159943723119795,3
subspace,FDEI,leg,116,2,419.0,1,0,3,419.0,9.619677439332008e-05,1
subspace,FDEI,leg,117,1,2952.0,2,1,2,2952.0,0.00014333179569803178,2
subspace,FDEI,leg,117,2,417.0,2,1,2,417.0,0.00013551308074966073,1
subspace,FDEI,leg,118,1,352.0,1,0,3,352.0,7.70339320297353e-05,3
subspace,FDEI,leg,118,2,304.0,2,1,3,304.0,0.00015692829038016498,1
subspace,FDEI,leg,118,3,433.0,2,1,3,433.0,0.00016059467452578247,0
subspace,FDEI,leg,118,4,768.0,1,0,3,768.0,0.00015604132204316556,0
